storm,date,claims,building_damage_usd,contents_damage_usd
Harvey 2017,2017-08-24,326,11307050.0,3830295.0
Harvey 2017,2017-08-25,9356,427129274.0,133752657.0
Harvey 2017,2017-08-26,20590,1376805758.0,433732212.0
Harvey 2017,2017-08-27,28435,2523694770.0,844718606.0
Harvey 2017,2017-08-28,13518,1189147982.0,440579625.0
Harvey 2017,2017-08-29,10973,963792104.0,369334862.0
Harvey 2017,2017-08-30,5765,417048087.0,157196566.0
Harvey 2017,2017-08-31,1539,100057191.0,36796530.0
Harvey 2017,2017-09-01,765,41405396.0,15775046.0
Harvey 2017,2017-09-02,343,16203612.0,5925117.0
Harvey 2017,2017-09-03,162,7035631.0,2524152.0
Helene 2024,2024-09-24,172,6169214.0,634375.0
Helene 2024,2024-09-25,441,51608927.0,5207652.0
Helene 2024,2024-09-26,44779,4789056466.0,789962961.0
Helene 2024,2024-09-27,11730,1269543609.0,198536413.0
Helene 2024,2024-09-28,569,42706920.0,7914776.0
Helene 2024,2024-09-29,163,13703334.0,1729381.0
Helene 2024,2024-09-30,99,27470579.0,1282205.0
Helene 2024,2024-10-01,46,1986143.0,603479.0
Helene 2024,2024-10-02,25,563712.0,29803.0
Helene 2024,2024-10-03,35,1589908.0,113633.0
Ian 2022,2022-09-26,204,11061127.0,2132629.0
Ian 2022,2022-09-27,2163,126664002.0,69322426.0
Ian 2022,2022-09-28,37937,3706656904.0,675615060.0
Ian 2022,2022-09-29,6066,390216986.0,96739449.0
Ian 2022,2022-09-30,1716,79181286.0,10939551.0
Ian 2022,2022-10-01,206,11297415.0,1817932.0
Ian 2022,2022-10-02,71,3158186.0,612590.0
Ian 2022,2022-10-03,110,4413958.0,731333.0
Ian 2022,2022-10-04,30,624696.0,153761.0
Ida 2021,2021-08-27,32,482916.0,1244883.0
Ida 2021,2021-08-28,320,8394262.0,2285946.0
Ida 2021,2021-08-29,13652,521810956.0,223970776.0
Ida 2021,2021-08-30,876,32339300.0,10700548.0
Ida 2021,2021-08-31,229,5394512.0,1131921.0
Ida 2021,2021-09-01,10041,463155375.0,124814358.0
Ida 2021,2021-09-02,2219,100435689.0,19190831.0
Ida 2021,2021-09-03,134,2294580.0,174997.0
Ida 2021,2021-09-04,45,419338.0,27431.0
Ida 2021,2021-09-05,41,275897.0,55442.0
Ike 2008,2008-09-10,38,670168.0,139021.0
Ike 2008,2008-09-11,291,10378469.0,4132106.0
Ike 2008,2008-09-12,8823,378367505.0,118352999.0
Ike 2008,2008-09-13,41312,1765516476.0,497687791.0
Ike 2008,2008-09-14,2095,62893130.0,21487882.0
Ike 2008,2008-09-15,192,6902154.0,2567053.0
Ike 2008,2008-09-16,53,1723214.0,774491.0
Ike 2008,2008-09-17,52,1935597.0,475475.0
Ike 2008,2008-09-18,58,2842926.0,544260.0
Irma 2017,2017-09-08,306,3311703.0,1045322.0
Irma 2017,2017-09-09,2907,76004102.0,15895062.0
Irma 2017,2017-09-10,18766,534615608.0,102113685.0
Irma 2017,2017-09-11,10342,336171157.0,71254043.0
Irma 2017,2017-09-12,602,19335168.0,3428285.0
Irma 2017,2017-09-13,211,5609513.0,1081781.0
Irma 2017,2017-09-14,117,3073145.0,759211.0
Irma 2017,2017-09-15,111,2279332.0,289833.0
Irma 2017,2017-09-16,75,1129061.0,494970.0
Katrina 2005,2005-08-25,5863,83639014.0,27131138.0
Katrina 2005,2005-08-26,1936,25954878.0,8438429.0
Katrina 2005,2005-08-27,192,5544396.0,1595841.0
Katrina 2005,2005-08-28,9112,459758018.0,159102451.0
Katrina 2005,2005-08-29,183970,14110798431.0,4356870464.0
Katrina 2005,2005-08-30,6039,462514810.0,163614008.0
Katrina 2005,2005-08-31,3229,238203924.0,88068312.0
Katrina 2005,2005-09-01,134,5748167.0,1838275.0
Katrina 2005,2005-09-02,51,3009525.0,596354.0
Katrina 2005,2005-09-03,19,477612.0,105495.0
Katrina 2005,2005-09-04,13,1371181.0,1494382.0
Katrina 2005,2005-09-05,18,505129.0,102291.0
Maria 2017,2017-09-16,2,0.0,0.0
Maria 2017,2017-09-17,9,83607.0,4080.0
Maria 2017,2017-09-18,1,59258.0,0.0
Maria 2017,2017-09-19,127,9057104.0,1475145.0
Maria 2017,2017-09-20,738,24012312.0,8981927.0
Maria 2017,2017-09-21,16,441505.0,88414.0
Maria 2017,2017-09-24,1,32726.0,0.0
Maria 2017,2017-09-26,1,35911.0,0.0
Maria 2017,2017-09-28,1,0.0,9126.0
Maria 2017,2017-09-30,1,0.0,77844.0
Maria 2017,2017-10-03,1,0.0,0.0
Michael 2018,2018-10-08,11,198749.0,38753.0
Michael 2018,2018-10-09,131,5955827.0,1446753.0
Michael 2018,2018-10-10,3978,194469689.0,40449386.0
Michael 2018,2018-10-11,190,6761857.0,1564003.0
Michael 2018,2018-10-12,43,1363024.0,232532.0
Michael 2018,2018-10-13,15,387795.0,104592.0
Michael 2018,2018-10-14,10,239164.0,0.0
Michael 2018,2018-10-15,18,136593.0,31014.0
Michael 2018,2018-10-16,4,0.0,0.0
Sandy 2012,2012-10-27,106,4394108.0,738503.0
Sandy 2012,2012-10-28,1729,81320011.0,9874962.0
Sandy 2012,2012-10-29,124785,6921316674.0,1003469249.0
Sandy 2012,2012-10-30,13977,753550610.0,108969436.0
Sandy 2012,2012-10-31,1153,65529066.0,10792838.0
Sandy 2012,2012-11-01,457,27194562.0,4447842.0
Sandy 2012,2012-11-02,192,8801828.0,1490104.0
Sandy 2012,2012-11-03,109,4571146.0,517671.0
Sandy 2012,2012-11-04,47,1162530.0,137717.0
