storm,api_count,records_pulled,building_damage_usd,contents_damage_usd,complete
Katrina 2005,210576,210576,15397525085.0,4808957440.0,yes
Ike 2008,52914,52914,2231229639.0,646161078.0,yes
Sandy 2012,142555,142555,7867840535.0,1140438322.0,yes
Harvey 2017,91772,91772,7073626855.0,2444165668.0,yes
Irma 2017,33437,33437,981528789.0,196362192.0,yes
Maria 2017,898,898,33722423.0,10636536.0,yes
Michael 2018,4400,4400,209512698.0,43867033.0,yes
Ida 2021,27589,27589,1135002825.0,383597133.0,yes
Ian 2022,48503,48503,4333274560.0,858064731.0,yes
Helene 2024,58059,58059,6204398812.0,1006014678.0,yes
