storm,date,events,deaths_direct,deaths_indirect,injuries_direct,injuries_indirect,damage_property_usd,damage_crops_usd,states
Harvey 2017,2017-08-25,67,0,3,14,50,7400431500.0,45000000.0,GULF OF MEXICO|OKLAHOMA|TEXAS
Harvey 2017,2017-08-26,77,56,5,0,0,32910127000.0,20280000.0,LOUISIANA|TEXAS
Harvey 2017,2017-08-27,43,8,1,1,0,10732155000.0,60000.0,LOUISIANA|TEXAS
Harvey 2017,2017-08-28,20,1,0,0,0,78015000.0,0.0,LOUISIANA|TEXAS
Harvey 2017,2017-08-29,24,2,0,0,0,130201000.0,0.0,ALABAMA|GULF OF MEXICO|LOUISIANA|TEXAS
Harvey 2017,2017-08-30,93,2,0,0,0,1436000.0,0.0,ALABAMA|FLORIDA|GULF OF MEXICO|LOUISIANA|MISSISSIPPI|TEXAS
Harvey 2017,2017-08-31,85,0,0,6,0,723500.0,0.0,ALABAMA|ARKANSAS|FLORIDA|GEORGIA|GULF OF MEXICO|LOUISIANA|MISSISSIPPI|MISSOURI|SOUTH CAROLINA|TENNESSEE
Harvey 2017,2017-09-01,53,0,0,0,0,827500.0,0.0,ATLANTIC SOUTH|KENTUCKY|LOUISIANA|MISSISSIPPI|NORTH CAROLINA|SOUTH CAROLINA|TENNESSEE|TEXAS
Harvey 2017,2017-09-02,8,0,0,0,0,0.0,0.0,TENNESSEE
Harvey 2017,2017-09-03,1,0,0,0,0,0.0,0.0,KENTUCKY
Helene 2024,2024-09-24,11,0,0,0,0,12750.0,0.0,GULF OF MEXICO|WEST VIRGINIA
Helene 2024,2024-09-25,45,0,0,0,0,83000.0,0.0,ALABAMA|ATLANTIC SOUTH|FLORIDA|GEORGIA|GULF OF MEXICO|NORTH CAROLINA|SOUTH CAROLINA|TENNESSEE|VIRGINIA|WEST VIRGINIA
Helene 2024,2024-09-26,321,32,5,79,1,6519337500.0,1502250000.0,ALABAMA|ATLANTIC SOUTH|FLORIDA|GEORGIA|GULF OF MEXICO|KENTUCKY|NORTH CAROLINA|SOUTH CAROLINA|TENNESSEE|VIRGINIA|WEST VIRGINIA
Helene 2024,2024-09-27,610,126,21,32,5,2971318720.0,329818200.0,ALABAMA|ATLANTIC SOUTH|FLORIDA|GEORGIA|ILLINOIS|INDIANA|KENTUCKY|MARYLAND|MISSOURI|NORTH CAROLINA|OHIO|SOUTH CAROLINA|TENNESSEE|VIRGINIA|WEST VIRGINIA
Helene 2024,2024-09-28,5,0,0,0,0,11030000.0,0.0,NORTH CAROLINA|TENNESSEE
Helene 2024,2024-09-29,2,0,0,0,0,0.0,0.0,WEST VIRGINIA
Helene 2024,2024-09-30,6,0,0,0,0,60000.0,0.0,VIRGINIA
Helene 2024,2024-10-01,39,0,0,0,0,0.0,0.0,MARYLAND|TENNESSEE|VIRGINIA|WEST VIRGINIA
Ian 2022,2022-09-27,33,20,1,2,0,2261000.0,500000.0,ATLANTIC SOUTH|FLORIDA|GULF OF MEXICO
Ian 2022,2022-09-28,88,101,18,0,0,16407311000.0,0.0,ATLANTIC SOUTH|FLORIDA|GULF OF MEXICO
Ian 2022,2022-09-29,40,1,0,3,0,15000000.0,0.0,ATLANTIC SOUTH|FLORIDA|GEORGIA|SOUTH CAROLINA
Ian 2022,2022-09-30,130,4,1,6,0,21983500.0,0.0,ATLANTIC SOUTH|FLORIDA|MARYLAND|NORTH CAROLINA|SOUTH CAROLINA|VIRGINIA
Ian 2022,2022-10-01,16,0,0,0,0,25000.0,0.0,MARYLAND|NORTH CAROLINA|VIRGINIA
Ian 2022,2022-10-02,2,0,0,0,0,0.0,0.0,NEW YORK
Ian 2022,2022-10-03,1,0,0,0,0,0.0,0.0,NORTH CAROLINA
Ida 2021,2021-08-27,12,0,0,0,0,0.0,0.0,GULF OF MEXICO
Ida 2021,2021-08-28,28,0,0,0,0,1161750000.0,0.0,FLORIDA|GULF OF MEXICO|LOUISIANA|MISSISSIPPI
Ida 2021,2021-08-29,108,5,25,0,0,10999650000.0,0.0,ALABAMA|FLORIDA|GULF OF MEXICO|LOUISIANA|MISSISSIPPI
Ida 2021,2021-08-30,115,4,0,10,0,7452000.0,5000.0,ALABAMA|ARKANSAS|GEORGIA|GULF OF MEXICO|ILLINOIS|INDIANA|KENTUCKY|LOUISIANA|MISSISSIPPI|MISSOURI|OHIO|TENNESSEE|VIRGINIA|WEST VIRGINIA
Ida 2021,2021-08-31,81,0,0,0,0,193100.0,100.0,ALABAMA|FLORIDA|GEORGIA|GULF OF MEXICO|NORTH CAROLINA|OHIO|SOUTH CAROLINA|TENNESSEE|VIRGINIA
Ida 2021,2021-09-01,487,49,4,14,1,1065846500.0,17008000.0,ATLANTIC NORTH|CONNECTICUT|DELAWARE|DISTRICT OF COLUMBIA|FLORIDA|GULF OF MEXICO|MARYLAND|NEW JERSEY|NEW YORK|OHIO|PENNSYLVANIA|VIRGINIA|WEST VIRGINIA
Ida 2021,2021-09-02,72,1,0,0,0,1754510.0,0.0,ATLANTIC NORTH|CONNECTICUT|FLORIDA|GULF OF MEXICO|MARYLAND|MASSACHUSETTS|NEW JERSEY|NEW YORK|PENNSYLVANIA|RHODE ISLAND
Ike 2008,2008-09-10,7,0,0,0,0,1422500.0,0.0,FLORIDA|GEORGIA
Ike 2008,2008-09-11,62,0,0,12,0,201126000.0,0.0,ALABAMA|FLORIDA|GEORGIA|GULF OF MEXICO|LOUISIANA|MISSISSIPPI|TEXAS
Ike 2008,2008-09-12,67,15,23,3,2408,15132687000.0,245030000.0,IOWA|LOUISIANA|MISSOURI|TEXAS|WISCONSIN
Ike 2008,2008-09-13,170,1,0,9,0,128033000.0,105000.0,ARKANSAS|GULF OF MEXICO|ILLINOIS|INDIANA|IOWA|LOUISIANA|MICHIGAN|MISSISSIPPI|MISSOURI|OKLAHOMA|TEXAS
Ike 2008,2008-09-14,421,19,2,73,4,1138134590.0,142910000.0,ARKANSAS|ILLINOIS|INDIANA|KENTUCKY|LOUISIANA|MICHIGAN|MISSISSIPPI|MISSOURI|NEW YORK|OHIO|OKLAHOMA|PENNSYLVANIA|TENNESSEE|TEXAS|WEST VIRGINIA
Ike 2008,2008-09-15,14,0,0,0,0,1041000.0,400000.0,NEW YORK
Ike 2008,2008-09-16,2,0,0,0,0,0.0,0.0,MISSOURI
Ike 2008,2008-09-17,1,0,0,0,0,0.0,0.0,ILLINOIS
Irma 2017,2017-09-08,1,0,1,0,0,7000000.0,0.0,FLORIDA
Irma 2017,2017-09-09,31,3,42,40,0,522500000.0,255245000.0,ATLANTIC SOUTH|FLORIDA|GULF OF MEXICO
Irma 2017,2017-09-10,170,3,27,0,0,3399645000.0,399602000.0,ATLANTIC SOUTH|FLORIDA|GEORGIA|GULF OF MEXICO|SOUTH CAROLINA
Irma 2017,2017-09-11,264,2,1,6,3,66266700.0,700.0,ALABAMA|ATLANTIC SOUTH|FLORIDA|GEORGIA|NORTH CAROLINA|SOUTH CAROLINA|TENNESSEE|VIRGINIA
Irma 2017,2017-09-12,13,0,0,0,0,3677000.0,0.0,FLORIDA|NORTH CAROLINA|VIRGINIA
Irma 2017,2017-09-14,3,0,0,0,0,50000.0,0.0,MASSACHUSETTS
Irma 2017,2017-09-15,1,0,0,0,0,10000.0,0.0,MASSACHUSETTS
Katrina 2005,2005-08-25,3,6,0,0,0,100000000.0,423000000.0,FLORIDA
Katrina 2005,2005-08-26,3,0,0,0,0,6900000.0,0.0,FLORIDA
Katrina 2005,2005-08-27,21,0,0,0,0,1350000000.0,0.0,ALABAMA|ATLANTIC NORTH|FLORIDA|GULF OF MEXICO|MARYLAND|MISSISSIPPI
Katrina 2005,2005-08-28,54,982,0,0,0,24278520000.0,5000.0,ALABAMA|FLORIDA|IOWA|LOUISIANA|MISSISSIPPI
Katrina 2005,2005-08-29,315,16,0,115,0,5932022000.0,1506015000.0,ALABAMA|ARKANSAS|FLORIDA|GEORGIA|KENTUCKY|LOUISIANA|MAINE|MISSISSIPPI|TENNESSEE|TEXAS|WEST VIRGINIA
Katrina 2005,2005-08-30,99,0,0,0,0,1796000.0,0.0,GEORGIA|ILLINOIS|INDIANA|KENTUCKY|MAINE|MISSISSIPPI|NEW YORK|NORTH CAROLINA|OHIO|PENNSYLVANIA|TENNESSEE|VERMONT|VIRGINIA
Katrina 2005,2005-08-31,15,0,0,0,0,185000.0,0.0,KENTUCKY|MAINE|MASSACHUSETTS|PENNSYLVANIA|RHODE ISLAND|TEXAS
Katrina 2005,2005-09-01,15,0,0,0,0,2000.0,0.0,KENTUCKY|MAINE|NEW HAMPSHIRE
Maria 2017,2017-09-20,52,20,0,0,0,18263750000.0,0.0,PUERTO RICO
Maria 2017,2017-09-23,1,0,0,0,0,0.0,0.0,NORTH CAROLINA
Michael 2018,2018-10-08,55,1,0,1,0,0.0,0.0,ATLANTIC SOUTH|FLORIDA|GULF OF MEXICO|MISSISSIPPI
Michael 2018,2018-10-09,50,0,0,0,0,200.0,0.0,ATLANTIC SOUTH|FLORIDA|GEORGIA|GULF OF MEXICO|LOUISIANA|MISSISSIPPI
Michael 2018,2018-10-10,205,9,44,1,0,11427924950.0,4388000000.0,ALABAMA|ATLANTIC SOUTH|FLORIDA|GEORGIA|GULF OF MEXICO|NORTH CAROLINA|SOUTH CAROLINA|VIRGINIA
Michael 2018,2018-10-11,378,5,0,1,0,33487000.0,400.0,DISTRICT OF COLUMBIA|GEORGIA|MARYLAND|MASSACHUSETTS|NORTH CAROLINA|SOUTH CAROLINA|VIRGINIA
Michael 2018,2018-10-12,27,0,0,0,0,0.0,0.0,ATLANTIC SOUTH|MARYLAND|TEXAS|VIRGINIA
Sandy 2012,2012-10-27,29,0,0,0,0,39705000.0,0.0,ATLANTIC SOUTH|FLORIDA|NORTH CAROLINA|SOUTH CAROLINA
Sandy 2012,2012-10-28,97,1,1,0,0,10324964300.0,750000.0,ATLANTIC NORTH|DELAWARE|FLORIDA|GEORGIA|KENTUCKY|MARYLAND|NEW JERSEY|NEW YORK|NORTH CAROLINA|TENNESSEE|VIRGINIA|WEST VIRGINIA
Sandy 2012,2012-10-29,567,76,56,18,15,14864565620.0,2230000.0,ATLANTIC NORTH|CONNECTICUT|DELAWARE|DISTRICT OF COLUMBIA|GEORGIA|INDIANA|KENTUCKY|MAINE|MARYLAND|MASSACHUSETTS|MICHIGAN|NEW HAMPSHIRE|NEW JERSEY|NEW YORK|NORTH CAROLINA|OHIO|PENNSYLVANIA|PUERTO RICO|RHODE ISLAND|VERMONT|VIRGINIA|WEST VIRGINIA
Sandy 2012,2012-10-30,122,1,1,0,0,18140000.0,0.0,DELAWARE|DISTRICT OF COLUMBIA|KENTUCKY|MAINE|MARYLAND|MASSACHUSETTS|MICHIGAN|NEW HAMPSHIRE|NEW JERSEY|NEW YORK|NORTH CAROLINA|OHIO|PENNSYLVANIA|VIRGINIA|WEST VIRGINIA|WISCONSIN
Sandy 2012,2012-10-31,2,0,0,0,0,0.0,0.0,MAINE|MICHIGAN
Sandy 2012,2012-11-01,1,0,0,0,0,0.0,0.0,MAINE
Sandy 2012,2012-11-04,13,0,0,1,0,0.0,0.0,HAWAII
